name,kind,unity_x,unity_y,unity_z,unity_yaw_deg,unity_pitch_deg,note
Entrance,anchor,0.0,0.0,-3.25,0.0,,"inside the door threshold, facing north"
PlayerStart,anchor,0.0,0.0,-2.6,0.0,,"player spawn, facing north"
Workbench,anchor,0.0,0.0,1.95,0.0,,player stand point at bench front (faces north)
WorkbenchArea_Root,existing_asset_root,0.0,0.0,2.35,180.0,,"WorkbenchArea prefab root: position, rotation = Euler(0,180,0) * importRotation(-90,0,0); hide Room_* (see checks)"
Dock_Root,existing_asset_root,-2.73,0.0,0.0,90.0,,"Unit07ServiceDock prefab root: rotation = Euler(0,90,0) * importRotation(-90,0,0)"
DockRobot,existing_asset_anchor,-2.73,0.72,0.0,90.0,,UNIT07_RobotV4 root on Dock_RobotAnchor; robot front faces +X (yaw 90)
DockWorkStand,anchor,-1.95,0.0,0.0,-90.0,,"player stand in front of the robot, facing west"
SurgeryBed,anchor,-0.1,0.85,-0.2,0.0,,bed pad top centre; head end = +Z
SurgeryStand_W,anchor,-0.85,0.0,-0.2,90.0,,surgeon stand west of bed (facing east)
SurgeryStand_E,anchor,0.52,0.0,-0.2,-90.0,,surgeon stand east of bed (facing west)
TradeOperator,anchor,2.52,0.72,0.0,-90.0,,stool seat top; operator faces west toward the CRT
TradeOperatorEye,anchor,2.52,1.25,0.0,-90.0,,seated eye point
TradeCustomer,anchor,1.35,0.0,0.0,90.0,,"customer stand in front of the counter (room side), facing east"
TradeReceive,logical_pad,1.84,0.956,-0.6,-90.0,,incoming next-job pad top centre (EMPTY / CARGO states)
TradeDeliver,logical_pad,1.84,0.956,0.6,-90.0,,outgoing repaired-object pad top centre (EMPTY / CARGO states)
TradeScreen,anchor,2.055,1.15,0.0,90.0,,"CRT screen centre, normal +X"
ToolPark_SurgicalLamp,tool_park,-0.1,1.895,-0.05,0.0,,parked tool tip
ToolPark_Drill,tool_park,0.08,1.58,0.3,0.0,,parked tool tip
ToolPark_Gripper,tool_park,-0.28,1.62,0.3,0.0,,parked tool tip
ToolPark_Scanner,tool_park,-0.28,1.74,-0.4,0.0,,parked tool tip
ToolPark_Probe,tool_park,0.08,1.64,-0.4,0.0,,parked tool tip
ToolPark_Cutter,tool_park,-0.28,1.62,-0.9,0.0,,parked tool tip
ToolPark_Suction,tool_park,0.08,1.6,-0.9,0.0,,parked tool tip
Cam_Overview,camera,2.6,2.75,-2.9,-40.6,23.98,"look-at [-0.4, 0.7, 0.6], persp 16mm (Blender lens; Unity vertical FOV in extra)"
Cam_Entrance,camera,0.0,1.62,-3.1,0.0,6.14,"look-at [0.0, 1.05, 2.2], persp 18mm (Blender lens; Unity vertical FOV in extra)"
Cam_Bench,camera,0.2,1.7,1.45,1.79,22.1,"look-at [0.25, 1.05, 3.05], persp 22mm (Blender lens; Unity vertical FOV in extra)"
Cam_Dock,camera,-1.3,1.7,-0.9,-55.41,21.67,"look-at [-2.75, 1.0, 0.1], persp 20mm (Blender lens; Unity vertical FOV in extra)"
Cam_Surgery,camera,-1.05,1.75,-1.75,30.47,19.54,"look-at [-0.05, 1.05, -0.05], persp 20mm (Blender lens; Unity vertical FOV in extra)"
Cam_TradeOperator,camera,2.58,1.25,0.0,-90.0,4.79,"look-at [-1.0, 0.95, 0.0], persp 22mm (Blender lens; Unity vertical FOV in extra)"
