path,name,parent,role,renderer,material,mesh,tris,origin_world,origin_local,axis_x_world,bounds_min,bounds_max,remove_dir_blender,independent,contacts,basis,note
"UNIT07_RobotV4_DockReady/Robot_Rig/Root/Body/Engine_L_Hinge","Engine_L_Hinge","Body","骨骼（动画写入，不移动）","Renderer","","","","[0.29038,1.135,0.62509]","[-0.215,-0.005,0.03]","[0.25882,0,0.96593]","","","","否/—","","Unity 层级：在 Engine_L_Hinge 骨骼以下","Animator 每帧写入（所有 9 个片段）；不能移动骨骼来取出引擎，要把网格从骨骼下脱开"
"UNIT07_RobotV4_DockReady/Robot_Rig/Root/Body/Engine_L_Hinge/Engine_L_Rotor","Engine_L_Rotor","Engine_L_Hinge","骨骼（动画写入，不移动）","Renderer","","","","[0.25643,1.02798,0.43748]","[-0.19001,-0.1066,-0.0184]","[-0.05664,-0.98896,-0.13694]","","","","否/—","","Unity 层级：在 Engine_L_Hinge 骨骼以下","Animator / RotorPowerDriver 写入"
"UNIT07_RobotV4_DockReady/AuxCable_L","AuxCable_L","UNIT07_RobotV4_DockReady","蒙皮线缆（两端跨界）","SkinnedMeshRenderer","M_Engine","AuxCable_L","404","[0.36937,1.095,0.5915]","[-0.227,0.375,-0.055]","[0.25882,0,0.96593]","[0.35059,1.05924,0.54006]","[0.37332,1.09644,0.59464]","","是","","Unity 层级：挂在 Body（或其它）骨骼下，名称与左引擎相关","同 ExternalCable_L"
"UNIT07_RobotV4_DockReady/ExternalCable_L","ExternalCable_L","UNIT07_RobotV4_DockReady","蒙皮线缆（两端跨界）","SkinnedMeshRenderer","M_Engine","ExternalCable_L","404","[0.25057,1.075,0.62333]","[-0.227,0.355,0.068]","[0.25882,0,0.96593]","[0.22717,1.0218,0.56342]","[0.25651,1.07762,0.62883]","","是","","Unity 层级：挂在 Body（或其它）骨骼下，名称与左引擎相关","实测：两根骨骼（Body / Engine_L_Hinge）权重沿线渐变，两端各贴一个插头；引擎外移会被直线拉长（E02），没有拔下状态"
"UNIT07_RobotV4_DockReady/Robot_Rig/Root/Body/AuxCable_L_PlugBody","AuxCable_L_PlugBody","Body","留在机身","MeshRenderer","M_Engine","AuxCable_L_PlugBody","472","[0.37248,1.095,0.60309]","[-0.215,-0.045,-0.055]","[0.25882,0,0.96593]","[0.35517,1.0809,0.58568]","[0.38896,1.1091,0.61741]","1,0,0","是","","Unity 层级：挂在 Body（或其它）骨骼下，名称与左引擎相关",""
"UNIT07_RobotV4_DockReady/Robot_Rig/Root/Body/BodySocket_Knob_L","BodySocket_Knob_L","Body","留在机身","MeshRenderer","M_Body","BodySocket_Knob_L","236","[0.29038,1.103,0.62509]","[-0.215,-0.037,0.03]","[0.25882,0,0.96593]","[0.27918,1.094,0.6134]","[0.29851,1.112,0.62534]","","是","","Unity 层级：挂在 Body（或其它）骨骼下，名称与左引擎相关",""
"UNIT07_RobotV4_DockReady/Robot_Rig/Root/Body/BodySocket_L","BodySocket_L","Body","留在机身","MeshRenderer","M_Body","BodySocket_L","292","[0.29038,1.12,0.62509]","[-0.215,-0.02,0.03]","[0.25882,0,0.96593]","[0.25884,1.079,0.60779]","[0.32039,1.161,0.63673]","","是","ConnectionKey_L 0.0mm","Unity 层级：挂在 Body（或其它）骨骼下，名称与左引擎相关",""
"UNIT07_RobotV4_DockReady/Robot_Rig/Root/Body/Chassis_ArmHardpoint_L","Chassis_ArmHardpoint_L","Body","留在机身","MeshRenderer","M_Body","Chassis_ArmHardpoint_L","108","[0.375,0.72,0.825]","[0,-0.42,0]","[0.25882,0,0.96593]","[0.30906,0.913,0.60585]","[0.5275,0.925,0.71037]","","是","","Unity 层级：挂在 Body（或其它）骨骼下，名称与左引擎相关",""
"UNIT07_RobotV4_DockReady/Robot_Rig/Root/Body/Chassis_MountRail_L","Chassis_MountRail_L","Body","留在机身","MeshRenderer","M_Body","Chassis_MountRail_L","216","[0.375,0.72,0.825]","[0,-0.42,0]","[0.25882,0,0.96593]","[0.50106,0.915,0.63394]","[0.54475,1.15,0.6866]","","是","","Unity 层级：挂在 Body（或其它）骨骼下，名称与左引擎相关",""
"UNIT07_RobotV4_DockReady/Robot_Rig/Root/Body/ExternalCable_L_PlugBody","ExternalCable_L_PlugBody","Body","留在机身","MeshRenderer","M_Engine","ExternalCable_L_PlugBody","472","[0.25367,1.075,0.63493]","[-0.215,-0.065,0.068]","[0.25882,0,0.96593]","[0.23485,1.0593,0.61722]","[0.27177,1.0907,0.64994]","1,0,0","是","","Unity 层级：挂在 Body（或其它）骨骼下，名称与左引擎相关",""
"UNIT07_RobotV4_DockReady/Robot_Rig/Root/Body/Harness_Engine_L","Harness_Engine_L","Body","留在机身","MeshRenderer","M_Internal","Harness_Engine_L","496","[0.34006,1.035,0.6946]","[-0.135,-0.105,0]","[0.25882,0,0.96593]","[0.25391,1.035,0.62745]","[0.34317,1.07778,0.71493]","","是","","Unity 层级：挂在 Body（或其它）骨骼下，名称与左引擎相关",""
"UNIT07_RobotV4_DockReady/Robot_Rig/Root/Body/Harness_Engine_L_PlugA","Harness_Engine_L_PlugA","Body","留在机身","MeshRenderer","M_Internal","Harness_Engine_L_PlugA","108","[0.34006,1.035,0.6946]","[-0.135,-0.105,0]","[0.25882,0,0.96593]","[0.33247,1.033,0.68635]","[0.34723,1.049,0.70129]","","是","","Unity 层级：挂在 Body（或其它）骨骼下，名称与左引擎相关",""
"UNIT07_RobotV4_DockReady/Robot_Rig/Root/Body/Harness_Engine_L_PlugB","Harness_Engine_L_PlugB","Body","留在机身","MeshRenderer","M_Internal","Harness_Engine_L_PlugB","108","[0.25704,1.075,0.64748]","[-0.202,-0.065,0.068]","[0.25882,0,0.96593]","[0.25024,1.069,0.64221]","[0.26605,1.081,0.66103]","","是","","Unity 层级：挂在 Body（或其它）骨骼下，名称与左引擎相关",""
"UNIT07_RobotV4_DockReady/Robot_Rig/Root/Body/PCB_Main_Connector_Engine_L","PCB_Main_Connector_Engine_L","Body","留在机身","MeshRenderer","M_Internal","PCB_Main_Connector_Engine_L","108","[0.375,0.72,0.825]","[0,-0.42,0]","[0.25882,0,0.96593]","[0.33096,1.023,0.6807]","[0.34882,1.035,0.70724]","","是","","Unity 层级：挂在 Body（或其它）骨骼下，名称与左引擎相关",""
"UNIT07_RobotV4_DockReady/Robot_Rig/Root/Body/Engine_L_Hinge/AuxCable_L_PlugEngine","AuxCable_L_PlugEngine","Engine_L_Hinge","随引擎拆下","MeshRenderer","M_Engine","AuxCable_L_PlugEngine","188","[0.35261,1.09292,0.53285]","[-0.07299,-0.04,-0.085]","[0.25882,0,0.96593]","[0.34401,1.08616,0.52337]","[0.36328,1.09968,0.55005]","-1,0,0","是","","Unity 层级：在 Engine_L_Hinge 骨骼以下",""
"UNIT07_RobotV4_DockReady/Robot_Rig/Root/Body/Engine_L_Hinge/ConnectionKey_Bolt_L","ConnectionKey_Bolt_L","Engine_L_Hinge","随引擎拆下","MeshRenderer","M_Engine","ConnectionKey_Bolt_L","588","[0.26271,1.13547,0.59523]","[-0.036,0,0.019]","[0.25882,0,0.96593]","[0.25645,1.12594,0.5761]","[0.30567,1.14406,0.60453]","0,-1,0","是","","Unity 层级：在 Engine_L_Hinge 骨骼以下","实测：先拔。沿七号 Body +Y（向上）25 mm 脱开，途中离其它件 ≥ 12 mm；+Z（前）45 mm 脱开、≥ 17.7 mm。游戏镜头里 0% 可见（visibility.md）"
"UNIT07_RobotV4_DockReady/Robot_Rig/Root/Body/Engine_L_Hinge/ConnectionKey_L","ConnectionKey_L","Engine_L_Hinge","随引擎层级 / 实测应留机身","MeshRenderer","M_Engine","ConnectionKey_L","360","[0.29038,1.135,0.62509]","[0,0,0]","[0.25882,0,0.96593]","[0.26481,1.12563,0.58058]","[0.30404,1.14437,0.62517]","1,0,0","是","BodySocket_L 0.0mm","Unity 层级：在 Engine_L_Hinge 骨骼以下","实测：层级挂在 Engine_L_Hinge 下，但取出时应留在机身 BodySocket_L 里——先拔螺栓，引擎外滑 20 mm 即脱开连接键（途中离其它件 ≥ 17 mm）；连接键自己外拔会撞 Engine_LowerCover_L，内推 55 mm 才脱开。程序需在拆下时把它重挂到 Body（engine_path.md）"
"UNIT07_RobotV4_DockReady/Robot_Rig/Root/Body/Engine_L_Hinge/Engine_Badge_L","Engine_Badge_L","Engine_L_Hinge","随引擎拆下","MeshRenderer","M_Engine","Engine_Badge_L","332","[0.36512,0.71939,0.82765]","[0.215,-0.415,-0.03]","[0.25882,0,0.96593]","[0.14498,1.16137,0.47626]","[0.15743,1.20352,0.49753]","","是","","Unity 层级：在 Engine_L_Hinge 骨骼以下",""
"UNIT07_RobotV4_DockReady/Robot_Rig/Root/Body/Engine_L_Hinge/Engine_BearingBottom_L","Engine_BearingBottom_L","Engine_L_Hinge","随引擎拆下","MeshRenderer","M_Internal","Engine_BearingBottom_L","576","[0.25703,1.03837,0.43892]","[-0.18846,-0.09621,-0.01835]","[0.25882,0,0.96593]","[0.23214,1.02866,0.41378]","[0.28191,1.04808,0.46405]","-0.1469,-0.0051,0.9891","是","","Unity 层级：在 Engine_L_Hinge 骨骼以下",""
"UNIT07_RobotV4_DockReady/Robot_Rig/Root/Body/Engine_L_Hinge/Engine_BearingTop_L","Engine_BearingTop_L","Engine_L_Hinge","随引擎拆下","MeshRenderer","M_Internal","Engine_BearingTop_L","576","[0.26589,1.19314,0.46035]","[-0.16547,0.05859,-0.01755]","[0.25882,0,0.96593]","[0.23403,1.18883,0.42883]","[0.29831,1.20734,0.49323]","-0.1469,-0.0051,0.9891","否/—","","Unity 层级：在 Engine_L_Hinge 骨骼以下",""
"UNIT07_RobotV4_DockReady/Robot_Rig/Root/Body/Engine_L_Hinge/Engine_BearingTop_L/UNIT07_FK_BearingWorn","UNIT07_FK_BearingWorn","Engine_BearingTop_L","随引擎拆下","MeshRenderer","M_FK_BearingWorn","UNIT07_FK_BearingTop_L_Worn","2880","[0.26617,1.19809,0.46103]","[0.00073,-0.00003,0.00495]","[0.25323,-0.1469,0.95619]","[0.23419,1.18882,0.42875]","[0.29814,1.20736,0.4933]","","否/—","","Unity 层级：在 Engine_L_Hinge 骨骼以下","故障包磨损轴承，随旧引擎走；原轴承 Engine_BearingTop_L 渲染器在场景里是关的"
"UNIT07_RobotV4_DockReady/Robot_Rig/Root/Body/Engine_L_Hinge/Engine_BearingTop_L/UNIT07_FK_BearingWorn/UNIT07_FK_BearingTop_L_Worn_Chips","UNIT07_FK_BearingTop_L_Worn_Chips","UNIT07_FK_BearingWorn","随引擎拆下","MeshRenderer","M_FK_MetalChips","UNIT07_FK_BearingTop_L_Worn_Chips","168","[0.26617,1.19809,0.46103]","[0,0,0]","[0.25323,-0.1469,0.95619]","[0.24951,1.19447,0.4304]","[0.29138,1.20713,0.47336]","","是","","Unity 层级：在 Engine_L_Hinge 骨骼以下",""
"UNIT07_RobotV4_DockReady/Robot_Rig/Root/Body/Engine_L_Hinge/Engine_CoolingFins_L","Engine_CoolingFins_L","Engine_L_Hinge","随引擎拆下","MeshRenderer","M_Internal","Engine_CoolingFins_L","2064","[0.26306,1.14369,0.4535]","[-0.17281,0.00913,-0.0178]","[0.25882,0,0.96593]","[0.14646,1.12751,0.33786]","[0.38249,1.20932,0.57598]","-0.1469,-0.0051,0.9891","是","","Unity 层级：在 Engine_L_Hinge 骨骼以下",""
"UNIT07_RobotV4_DockReady/Robot_Rig/Root/Body/Engine_L_Hinge/Engine_CoverLatch_Outer_L","Engine_CoverLatch_Outer_L","Engine_L_Hinge","随引擎拆下","MeshRenderer","M_Engine","Engine_CoverLatch_Outer_L","108","[0.2395,1.23251,0.3581]","[-0.27106,0.09797,-0.01755]","[0.25882,0,0.96593]","[0.22499,1.21519,0.34883]","[0.25271,1.24982,0.36254]","1.0000,-0.0000,-0.0000","是","","Unity 层级：在 Engine_L_Hinge 骨骼以下",""
"UNIT07_RobotV4_DockReady/Robot_Rig/Root/Body/Engine_L_Hinge/Engine_CoverLatch_Rear_L","Engine_CoverLatch_Rear_L","Engine_L_Hinge","随引擎拆下","MeshRenderer","M_Engine","Engine_CoverLatch_Rear_L","108","[0.38015,1.20832,0.42555]","[-0.16951,0.07671,-0.13651]","[0.25882,0,0.96593]","[0.37541,1.19118,0.41133]","[0.38971,1.22534,0.43847]","0.0000,1.0000,-0.0000","是","","Unity 层级：在 Engine_L_Hinge 骨骼以下",""
"UNIT07_RobotV4_DockReady/Robot_Rig/Root/Body/Engine_L_Hinge/Engine_IntakeDuct_L","Engine_IntakeDuct_L","Engine_L_Hinge","随引擎拆下","MeshRenderer","M_Engine","Engine_IntakeDuct_L","960","[0.26906,1.24842,0.468]","[-0.15725,0.11388,-0.01726]","[0.25882,0,0.96593]","[0.2188,1.21111,0.41568]","[0.3175,1.25409,0.51593]","-0.1469,-0.0051,0.9891","是","","Unity 层级：在 Engine_L_Hinge 骨骼以下",""
"UNIT07_RobotV4_DockReady/Robot_Rig/Root/Body/Engine_L_Hinge/Engine_IntakeGuard_L","Engine_IntakeGuard_L","Engine_L_Hinge","随引擎拆下","MeshRenderer","M_Engine","Engine_IntakeGuard_L","884","[0.26962,1.25831,0.46937]","[-0.15579,0.12377,-0.01721]","[0.25882,0,0.96593]","[0.22952,1.24698,0.42697]","[0.30974,1.26967,0.51177]","-0.1469,-0.0051,0.9891","否/—","","Unity 层级：在 Engine_L_Hinge 骨骼以下",""
"UNIT07_RobotV4_DockReady/Robot_Rig/Root/Body/Engine_L_Hinge/Engine_IntakeGuard_L/FO_IntakeClog_L (故障美术包：进气口堵塞)","FO_IntakeClog_L (故障美术包：进气口堵塞)","Engine_IntakeGuard_L","随引擎拆下","Renderer","","","","[0.26928,1.25238,0.46855]","[-0.00088,0.00003,-0.00593]","[0.25323,-0.1469,0.95619]","","","","否/—","","Unity 层级：在 Engine_L_Hinge 骨骼以下",""
"UNIT07_RobotV4_DockReady/Robot_Rig/Root/Body/Engine_L_Hinge/Engine_IntakeGuard_L/FO_IntakeClog_L (故障美术包：进气口堵塞)/UNIT07_FK_IntakeClog","UNIT07_FK_IntakeClog","FO_IntakeClog_L (故障美术包：进气口堵塞)","随引擎拆下","MeshRenderer","M_FK_IntakeClog","UNIT07_FK_IntakeClog_L_DustMat","4608","[0.26928,1.25238,0.46855]","[0,0,0]","[0.25323,-0.1469,0.95619]","[0.22803,1.23944,0.42683]","[0.31008,1.25736,0.50917]","","否/—","","Unity 层级：在 Engine_L_Hinge 骨骼以下",""
"UNIT07_RobotV4_DockReady/Robot_Rig/Root/Body/Engine_L_Hinge/Engine_IntakeGuard_L/FO_IntakeClog_L (故障美术包：进气口堵塞)/UNIT07_FK_IntakeClog/UNIT07_FK_IntakeClog_L_Fibers","UNIT07_FK_IntakeClog_L_Fibers","UNIT07_FK_IntakeClog","随引擎拆下","MeshRenderer","M_FK_IntakeClog","UNIT07_FK_IntakeClog_L_Fibers","1634","[0.26928,1.25238,0.46855]","[0,0,0]","[0.25323,-0.1469,0.95619]","[0.23342,1.25762,0.43525]","[0.29393,1.27037,0.48602]","","是","","Unity 层级：在 Engine_L_Hinge 骨骼以下",""
"UNIT07_RobotV4_DockReady/Robot_Rig/Root/Body/Engine_L_Hinge/Engine_IntakeGuard_L/FO_IntakeClog_L (故障美术包：进气口堵塞)/UNIT07_FK_IntakeClog/UNIT07_FK_IntakeClog_L_GuardDust","UNIT07_FK_IntakeClog_L_GuardDust","UNIT07_FK_IntakeClog","随引擎拆下","MeshRenderer","M_FK_IntakeClog","UNIT07_FK_IntakeClog_L_GuardDust","2876","[0.26928,1.25238,0.46855]","[0,0,0]","[0.25323,-0.1469,0.95619]","[0.23104,1.25745,0.429]","[0.30924,1.27033,0.51118]","","是","","Unity 层级：在 Engine_L_Hinge 骨骼以下",""
"UNIT07_RobotV4_DockReady/Robot_Rig/Root/Body/Engine_L_Hinge/Engine_IntakeGuard_L/FO_IntakeClog_L (故障美术包：进气口堵塞)/UNIT07_FK_IntakeClog/UNIT07_FK_IntakeClog_L_RimDust","UNIT07_FK_IntakeClog_L_RimDust","UNIT07_FK_IntakeClog","随引擎拆下","MeshRenderer","M_FK_IntakeClog","UNIT07_FK_IntakeClog_L_RimDust","768","[0.26928,1.25238,0.46855]","[0,0,0]","[0.25323,-0.1469,0.95619]","[0.22887,1.25943,0.4293]","[0.31132,1.2736,0.51171]","","是","","Unity 层级：在 Engine_L_Hinge 骨骼以下",""
"UNIT07_RobotV4_DockReady/Robot_Rig/Root/Body/Engine_L_Hinge/Engine_IntakeLip_L","Engine_IntakeLip_L","Engine_L_Hinge","随引擎拆下","MeshRenderer","M_Engine","Engine_IntakeLip_L","1152","[0.27019,1.2682,0.47074]","[-0.15432,0.13367,-0.01716]","[0.25882,0,0.96593]","[0.21253,1.23878,0.41188]","[0.32683,1.27983,0.52713]","-0.1469,-0.0051,0.9891","是","","Unity 层级：在 Engine_L_Hinge 骨骼以下",""
"UNIT07_RobotV4_DockReady/Robot_Rig/Root/Body/Engine_L_Hinge/Engine_InternalLead_L","Engine_InternalLead_L","Engine_L_Hinge","随引擎拆下","MeshRenderer","M_Internal","Engine_InternalLead_L","316","[0.22982,1.07595,0.55159]","[-0.08667,-0.06,0.038]","[0.25882,0,0.96593]","[0.19003,1.07317,0.41061]","[0.23883,1.10563,0.55336]","","是","","Unity 层级：在 Engine_L_Hinge 骨骼以下",""
"UNIT07_RobotV4_DockReady/Robot_Rig/Root/Body/Engine_L_Hinge/Engine_L_Rotor/Engine_Fan_L","Engine_Fan_L","Engine_L_Rotor","随引擎拆下","MeshRenderer","M_Internal","Engine_Fan_L","884","[0.25552,1.01216,0.43529]","[0.016,0,0]","[0.25882,0,0.96593]","[0.18516,0.99781,0.36187]","[0.32591,1.02658,0.50869]","0.1469,0.0051,-0.9891","是","","Unity 层级：在 Engine_L_Hinge 骨骼以下",""
"UNIT07_RobotV4_DockReady/Robot_Rig/Root/Body/Engine_L_Hinge/Engine_L_Rotor/Engine_FanNut_L","Engine_FanNut_L","Engine_L_Rotor","随引擎拆下","MeshRenderer","M_Internal","Engine_FanNut_L","164","[0.25501,1.00326,0.43405]","[0.025,0,0]","[0.25882,0,0.96593]","[0.24434,0.99903,0.42399]","[0.26569,1.00749,0.44412]","0.1469,0.0051,-0.9891","是","","Unity 层级：在 Engine_L_Hinge 骨骼以下",""
"UNIT07_RobotV4_DockReady/Robot_Rig/Root/Body/Engine_L_Hinge/Engine_L_Rotor/Engine_Shaft_L","Engine_Shaft_L","Engine_L_Rotor","随引擎拆下","MeshRenderer","M_Internal","Engine_Shaft_L","188","[0.25643,1.02798,0.43748]","[0,0,0]","[0.25882,0,0.96593]","[0.24361,1.00195,0.42255]","[0.27831,1.21225,0.47432]","-0.1469,-0.0051,0.9891","是","","Unity 层级：在 Engine_L_Hinge 骨骼以下",""
"UNIT07_RobotV4_DockReady/Robot_Rig/Root/Body/Engine_L_Hinge/Engine_LowerCover_L","Engine_LowerCover_L","Engine_L_Hinge","随引擎拆下","MeshRenderer","M_Engine","Engine_LowerCover_L","3466","[0.2553,1.0082,0.43474]","[-0.19294,-0.12638,-0.0185]","[0.25882,0,0.96593]","[0.11174,0.9928,0.30417]","[0.41259,1.22934,0.60434]","","是","","Unity 层级：在 Engine_L_Hinge 骨骼以下",""
"UNIT07_RobotV4_DockReady/Robot_Rig/Root/Body/Engine_L_Hinge/Engine_MotorBracket_L","Engine_MotorBracket_L","Engine_L_Hinge","随引擎拆下","MeshRenderer","M_Internal","Engine_MotorBracket_L","960","[0.25666,1.03194,0.43803]","[-0.18942,-0.10264,-0.01838]","[0.25882,0,0.96593]","[0.1709,1.02015,0.3531]","[0.34315,1.05658,0.52473]","-0.1469,-0.0051,0.9891","是","","Unity 层级：在 Engine_L_Hinge 骨骼以下",""
"UNIT07_RobotV4_DockReady/Robot_Rig/Root/Body/Engine_L_Hinge/Engine_MotorBracket_Screw_L_1","Engine_MotorBracket_Screw_L_1","Engine_L_Hinge","随引擎拆下","MeshRenderer","M_Internal","Engine_MotorBracket_Screw_L_1","140","[0.27437,1.0538,0.37874]","[-0.2421,-0.07999,-0.05028]","[0.25882,0,0.96593]","[0.27001,1.0518,0.37435]","[0.27873,1.05579,0.38313]","-0.1469,-0.0051,0.9891","是","","Unity 层级：在 Engine_L_Hinge 骨骼以下",""
"UNIT07_RobotV4_DockReady/Robot_Rig/Root/Body/Engine_L_Hinge/Engine_MotorBracket_Screw_L_2","Engine_MotorBracket_Screw_L_2","Engine_L_Hinge","随引擎拆下","MeshRenderer","M_Internal","Engine_MotorBracket_Screw_L_2","140","[0.3024,1.03751,0.48474]","[-0.13245,-0.09628,-0.05033]","[0.25882,0,0.96593]","[0.29804,1.03552,0.48035]","[0.30676,1.0395,0.48913]","-0.1469,-0.0051,0.9891","是","","Unity 层级：在 Engine_L_Hinge 骨骼以下",""
"UNIT07_RobotV4_DockReady/Robot_Rig/Root/Body/Engine_L_Hinge/Engine_MotorBracket_Screw_L_3","Engine_MotorBracket_Screw_L_3","Engine_L_Hinge","随引擎拆下","MeshRenderer","M_Internal","Engine_MotorBracket_Screw_L_3","140","[0.19566,1.04753,0.45655]","[-0.18731,-0.08862,0.04569]","[0.25882,0,0.96593]","[0.19131,1.04554,0.45216]","[0.20002,1.04952,0.46094]","-0.1469,-0.0051,0.9891","是","","Unity 层级：在 Engine_L_Hinge 骨骼以下",""
"UNIT07_RobotV4_DockReady/Robot_Rig/Root/Body/Engine_L_Hinge/Engine_MotorHousing_L","Engine_MotorHousing_L","Engine_L_Hinge","随引擎拆下","MeshRenderer","M_Internal","Engine_MotorHousing_L","960","[0.25739,1.0448,0.43981]","[-0.18751,-0.08978,-0.01831]","[0.25882,0,0.96593]","[0.18594,1.03514,0.36899]","[0.33451,1.15334,0.52432]","-0.1469,-0.0051,0.9891","是","","Unity 层级：在 Engine_L_Hinge 骨骼以下",""
"UNIT07_RobotV4_DockReady/Robot_Rig/Root/Body/Engine_L_Hinge/Engine_MountBase_L","Engine_MountBase_L","Engine_L_Hinge","随引擎拆下","MeshRenderer","M_Internal","Engine_MountBase_L","960","[0.25643,1.02798,0.43748]","[-0.19001,-0.1066,-0.0184]","[0.25882,0,0.96593]","[0.1521,1.00967,0.33381]","[0.36076,1.0463,0.54114]","-0.1469,-0.0051,0.9891","是","","Unity 层级：在 Engine_L_Hinge 骨骼以下",""
"UNIT07_RobotV4_DockReady/Robot_Rig/Root/Body/Engine_L_Hinge/Engine_MountPost_L_1","Engine_MountPost_L_1","Engine_L_Hinge","随引擎拆下","MeshRenderer","M_Internal","Engine_MountPost_L_1","140","[0.29171,1.02548,0.37526]","[-0.24097,-0.10787,-0.06863]","[0.25882,0,0.96593]","[0.2853,1.01983,0.36858]","[0.29813,1.03113,0.38194]","","是","","Unity 层级：在 Engine_L_Hinge 骨骼以下",""
"UNIT07_RobotV4_DockReady/Robot_Rig/Root/Body/Engine_L_Hinge/Engine_MountPost_L_2","Engine_MountPost_L_2","Engine_L_Hinge","随引擎拆下","MeshRenderer","M_Internal","Engine_MountPost_L_2","140","[0.31711,1.01073,0.47128]","[-0.14165,-0.12262,-0.06867]","[0.25882,0,0.96593]","[0.31069,1.00508,0.4646]","[0.32352,1.01638,0.47796]","","是","","Unity 层级：在 Engine_L_Hinge 骨骼以下",""
"UNIT07_RobotV4_DockReady/Robot_Rig/Root/Body/Engine_L_Hinge/Engine_MountPost_L_3","Engine_MountPost_L_3","Engine_L_Hinge","随引擎拆下","MeshRenderer","M_Internal","Engine_MountPost_L_3","140","[0.22013,1.01269,0.49723]","[-0.14169,-0.12313,0.03174]","[0.25882,0,0.96593]","[0.21372,1.00704,0.49055]","[0.22654,1.01834,0.50391]","","是","","Unity 层级：在 Engine_L_Hinge 骨骼以下",""
"UNIT07_RobotV4_DockReady/Robot_Rig/Root/Body/Engine_L_Hinge/Engine_MountPost_L_4","Engine_MountPost_L_4","Engine_L_Hinge","随引擎拆下","MeshRenderer","M_Internal","Engine_MountPost_L_4","140","[0.19474,1.02744,0.40121]","[-0.24101,-0.10838,0.03178]","[0.25882,0,0.96593]","[0.18832,1.02179,0.39453]","[0.20115,1.03309,0.40789]","","是","","Unity 层级：在 Engine_L_Hinge 骨骼以下",""
"UNIT07_RobotV4_DockReady/Robot_Rig/Root/Body/Engine_L_Hinge/Engine_NozzleRing_L","Engine_NozzleRing_L","Engine_L_Hinge","随引擎拆下","MeshRenderer","M_Engine","Engine_NozzleRing_L","960","[0.2553,1.0082,0.43474]","[-0.19294,-0.12638,-0.0185]","[0.25882,0,0.96593]","[0.15894,0.98127,0.3382]","[0.3512,1.02722,0.53018]","","是","","Unity 层级：在 Engine_L_Hinge 骨骼以下",""
"UNIT07_RobotV4_DockReady/Robot_Rig/Root/Body/Engine_L_Hinge/Engine_RearCap_L","Engine_RearCap_L","Engine_L_Hinge","随引擎拆下","MeshRenderer","M_Engine","Engine_RearCap_L","444","[0.37505,1.11672,0.42691]","[-0.16951,-0.015,-0.13349]","[0.25882,0,0.96593]","[0.35988,1.07643,0.38492]","[0.39794,1.1568,0.46684]","0,1,0","是","","Unity 层级：在 Engine_L_Hinge 骨骼以下",""
"UNIT07_RobotV4_DockReady/Robot_Rig/Root/Body/Engine_L_Hinge/Engine_UpperCover_L","Engine_UpperCover_L","Engine_L_Hinge","随引擎拆下","MeshRenderer","M_Engine","Engine_UpperCover_L","1560","[0.26849,1.23853,0.46663]","[-0.15872,0.10399,-0.01732]","[0.25882,0,0.96593]","[0.12243,1.19138,0.32459]","[0.41533,1.29228,0.60838]","-0.1469,-0.0051,0.9891","否/—","","Unity 层级：在 Engine_L_Hinge 骨骼以下",""
"UNIT07_RobotV4_DockReady/Robot_Rig/Root/Body/Engine_L_Hinge/Engine_UpperCover_L/UNIT07_FK_CoverLabel","UNIT07_FK_CoverLabel","Engine_UpperCover_L","随引擎拆下","MeshRenderer","M_FK_CoverLabel","UNIT07_FK_CoverInnerLabel_L","768","[0.28641,1.24968,0.53266]","[0.06842,-0.00006,0.01115]","[0.25323,-0.1469,0.95619]","[0.26025,1.24508,0.51208]","[0.31255,1.25421,0.55323]","","是","","Unity 层级：在 Engine_L_Hinge 骨骼以下","故障包保养贴纸，挂在旧上盖下，随旧引擎走；去向交策划确认，不能自动复制到新件"
"UNIT07_RobotV4_DockReady/Robot_Rig/Root/Body/Engine_L_Hinge/Engine_Windings_L","Engine_Windings_L","Engine_L_Hinge","随引擎拆下","MeshRenderer","M_Internal","Engine_Windings_L","960","[0.25926,1.07743,0.44432]","[-0.18266,-0.05714,-0.01815]","[0.25882,0,0.96593]","[0.16853,1.06503,0.35448]","[0.35192,1.12345,0.53882]","-0.1469,-0.0051,0.9891","是","","Unity 层级：在 Engine_L_Hinge 骨骼以下",""
"UNIT07_RobotV4_DockReady/Robot_Rig/Root/Body/Engine_L_Hinge/EngineAnchor_L","EngineAnchor_L","Engine_L_Hinge","随引擎拆下","MeshRenderer","M_Engine","EngineAnchor_L","1300","[0.27394,1.135,0.56376]","[-0.0635,0,0]","[0.25882,0,0.96593]","[0.25514,1.11554,0.55872]","[0.30348,1.15446,0.60888]","","是","","Unity 层级：在 Engine_L_Hinge 骨骼以下",""
"UNIT07_RobotV4_DockReady/Robot_Rig/Root/Body/Engine_L_Hinge/ExternalCable_L_PlugEngine","ExternalCable_L_PlugEngine","Engine_L_Hinge","随引擎拆下","MeshRenderer","M_Engine","ExternalCable_L_PlugEngine","188","[0.23164,1.07595,0.55835]","[-0.07967,-0.06,0.038]","[0.25882,0,0.96593]","[0.22145,1.06755,0.54845]","[0.24389,1.08435,0.57598]","-1,0,0","是","","Unity 层级：在 Engine_L_Hinge 骨骼以下",""
"UNIT07_RobotV4_DockReady/Robot_Rig/Root/Body/Engine_L_Hinge/Unit07_EngineL_InspectProxy","Unit07_EngineL_InspectProxy","Engine_L_Hinge","随引擎拆下","Renderer","","","","[0.26888,1.24183,0.46649]","[-0.15876,0.10729,-0.01764]","[0.25882,0,0.96593]","","","","否/—","","Unity 层级：在 Engine_L_Hinge 骨骼以下","维修座预制体 UNIT07_RobotV4_DockReady.prefab 加的检查代理（BoxCollider + DockInteractable），不是美术网格；随引擎骨骼，换引擎时由程序处理"
